<?xml version="1.0" encoding="UTF-8"?>
<Student>
<PersonDetails>
<id>101</id>
<name>Anand</name>
<city>Madurai</city>
<Branch>CSE</Branch>
<Year>I</Year>
</PersonDetails>
<PersonDetails>
<id>102</id>
<name>Anu</name>
<city>Konam</city>
<Branch>CSE</Branch>
<Year>II</Year>
</PersonDetails>
<PersonDetails>
<id>103</id>
<name>Archana</name>
<city>Madurai</city>
<Branch>CSE</Branch>
<Year>I</Year>
</PersonDetails>
<PersonDetails>
<id>104</id>
<name>Monica</name>
<city>Nellai</city>
<Branch>CSE</Branch>
<Year>III</Year>
</PersonDetails>
</Student>